/life-style/gadgets-and-tech/,,,
descriptors,image links,article name,article link
"['fusion', 'nuclear', 'china']","['https://static.independent.co.uk/2020/12/07/13/GettyImages-1289533710.jpg?quality=75&width=982&height=726&auto=webp', 'https://static.independent.co.uk/2022/01/03/08/artificial%20sun%20china.jpg?quality=75&width=640&auto=webp', 'https://static.independent.co.uk/2020/12/07/13/GettyImages-1289533710.jpg?quality=75&width=640&auto=webp']",China switches on ‘artificial sun’ that is five times hotter than the real thing,https://www.independent.co.uk/life-style/gadgets-and-tech/china-artificial-sun-nuclear-fusion-renewable-b1985795.html
"['bitcoin', 'bukele', 'el']","['https://static.independent.co.uk/2021/12/08/23/El_Salvador_Bitcoin_51574.jpg?quality=75&width=982&height=726&auto=webp', 'https://static.independent.co.uk/2021/12/08/23/El_Salvador_Bitcoin_51574.jpg?quality=75&width=982&height=726&auto=webp', 'https://static.independent.co.uk/2021/12/08/23/El_Salvador_Bitcoin_51574.jpg?quality=75&width=640&auto=webp']","Bitcoin set for ‘huge surprise’ in 2022, El Salvador president predicts",https://www.independent.co.uk/life-style/gadgets-and-tech/bitcoin-prediction-2022-el-salvador-b1985874.html
"['cent', 'per', 'last']","['https://static.independent.co.uk/2022/02/28/13/bitcoin%20price%20live%20russia.jpg?quality=75&width=982&height=726&auto=webp', 'https://static.independent.co.uk/2022/02/28/13/bitcoin%20price%20live%20russia.jpg?quality=75&width=982&height=726&auto=webp', 'https://static.independent.co.uk/2022/03/09/15/GettyImages-1368653299.jpg?quality=75&width=1200&auto=webp&quality=75&width=982&height=726&auto=webp', 'https://static.independent.co.uk/2022/03/07/15/bitcoin%20switzerland.jpg?quality=75&width=1200&auto=webp&quality=75&width=982&height=726&auto=webp', 'https://static.independent.co.uk/2022/02/28/13/bitcoin%20price%20live%20russia.jpg?quality=75&width=640&auto=webp']",Bitcoin news – live: BTC price slides amid global market turmoil,https://www.independent.co.uk/life-style/gadgets-and-tech/bitcoin-price-news-live-trump-btc-b1986298.html
"['google', 'coming', 'able']","['https://static.independent.co.uk/2022/01/04/16/iStock-1131589047.jpg?quality=75&width=982&height=726&auto=webp', 'https://static.independent.co.uk/2022/01/04/16/iStock-1131589047.jpg?quality=75&width=982&height=726&auto=webp', 'https://static.independent.co.uk/2022/01/04/16/iStock-1131589047.jpg?quality=75&width=640&auto=webp']",Google announces new Android features to make phones and computers work better together,https://www.independent.co.uk/life-style/gadgets-and-tech/google-new-android-features-phones-computer-pc-b1986636.html
"['sunshield', 'independent', 'space']","['https://static.independent.co.uk/2021/12/25/10/PRI216304576.jpg?quality=75&width=982&height=726&auto=webp', 'https://static.independent.co.uk/2021/12/25/10/PRI216304576.jpg?quality=75&width=982&height=726&auto=webp', 'https://static.independent.co.uk/2021/12/25/10/PRI216304576.jpg?quality=75&width=640&auto=webp']",Nasa successfully completes hardest part of deployment of James Webb Space Telescope,https://www.independent.co.uk/life-style/gadgets-and-tech/nasa-james-webb-space-telescope-b1986702.html
"['crypto', 'independent', 'collector']","['https://static.independent.co.uk/2021/12/13/17/_122074263_e547604f-a4b0-4394-b628-50f1ba2e46d1-1.jpg?quality=75&width=982&height=726&auto=webp', 'https://static.independent.co.uk/2021/12/13/17/_122074263_e547604f-a4b0-4394-b628-50f1ba2e46d1-1.jpg?quality=75&width=982&height=726&auto=webp', 'https://static.independent.co.uk/2021/12/13/17/_122074263_e547604f-a4b0-4394-b628-50f1ba2e46d1-1.jpg?quality=75&width=640&auto=webp']",NFT hack sees collector lose $2.2 million of ‘Bored Ape’ pictures,https://www.independent.co.uk/life-style/gadgets-and-tech/nft-hack-bored-ape-pictures-b1986486.html
"['nft', 'independent', 'virtual']","['https://static.independent.co.uk/2021/11/02/06/Screenshot%202021-11-02%20at%2011.56.28%20AM.png?quality=75&width=982&height=726&auto=webp', 'https://static.independent.co.uk/2021/11/02/06/Screenshot%202021-11-02%20at%2011.56.28%20AM.png?quality=75&width=982&height=726&auto=webp', 'https://static.independent.co.uk/2021/11/02/06/Screenshot%202021-11-02%20at%2011.56.28%20AM.png?quality=75&width=640&auto=webp']",NFT ownership is concentrated to just 0.1% of crypto owners,https://www.independent.co.uk/life-style/gadgets-and-tech/nft-ownership-metaverse-crypto-bitcoin-b1986530.html
"['payments', 'customers', 'independent']",['https://static.independent.co.uk/2021/11/24/00/b45ff07649ba6df0eba561426a1247f4Y29udGVudHNlYXJjaGFwaSwxNjM3NzYyNjU5-2.62710178.jpg?quality=75&width=640&auto=webp'],Nationwide payments down: Online banking hit by more issues in latest outage,https://www.independent.co.uk/life-style/gadgets-and-tech/nationwide-payments-down-issues-today-b1986336.html
"['garmin', 'independent', 'more']","['https://static.independent.co.uk/2022/01/04/12/20210614_Support_FIT_0141_RGB-small.jpg?quality=75&width=982&height=726&auto=webp', 'https://static.independent.co.uk/2022/01/04/12/20210614_Support_FIT_0141_RGB-small.jpg?quality=75&width=982&height=726&auto=webp', 'https://static.independent.co.uk/2022/01/04/12/20210614_Support_FIT_0141_RGB-small.jpg?quality=75&width=640&auto=webp']",Garmin launches new Vivomove and Venu 2 Plus watches with host of non-fitness features,https://www.independent.co.uk/life-style/gadgets-and-tech/garmin-vivomove-venu-2-plus-new-watch-sports-fitness-b1986428.html
"['rocket', 'back', 'down']",['https://static.independent.co.uk/2022/01/05/13/rocket.jpeg?quality=75&width=640&auto=webp'],Russian rocket launch: Out-of-control spacecraft hurtling towards Earth,https://www.independent.co.uk/life-style/gadgets-and-tech/russia-rocket-launch-out-of-control-b1987224.html
"['independent', 'meta', 'operating']","['https://static.independent.co.uk/2021/11/23/13/GettyImages-612996368.jpg?quality=75&width=982&height=726&auto=webp', 'https://static.independent.co.uk/2021/11/23/13/GettyImages-612996368.jpg?quality=75&width=982&height=726&auto=webp', 'https://static.independent.co.uk/2021/11/23/13/GettyImages-612996368.jpg?quality=75&width=640&auto=webp']",Meta denies report it has stopped work on software for the metaverse,https://www.independent.co.uk/life-style/gadgets-and-tech/meta-facebook-operating-system-oculus-b1987404.html
"['sony', 'car', 'company']","['https://static.independent.co.uk/2022/01/05/14/newFile-10.jpg?quality=75&width=982&height=726&auto=webp', 'https://static.independent.co.uk/2022/01/05/14/newFile-10.jpg?quality=75&width=982&height=726&auto=webp', 'https://static.independent.co.uk/2022/01/05/14/newFile-10.jpg?quality=75&width=640&auto=webp']",Sony announces it is making an electric smart car - beating Apple to it,https://www.independent.co.uk/life-style/gadgets-and-tech/sony-apple-electric-smart-car-ces-b1987296.html
"['popcorn', 'service', 'also']","['https://static.independent.co.uk/2021/10/15/11/iStock-1216171041.jpg?quality=75&width=982&height=726&auto=webp', 'https://static.independent.co.uk/2021/10/15/11/iStock-1216171041.jpg?quality=75&width=982&height=726&auto=webp', 'https://static.independent.co.uk/2022/01/05/11/ptrip.png?quality=75&width=982&height=726&auto=webp', 'https://static.independent.co.uk/2021/10/15/11/iStock-1216171041.jpg?quality=75&width=640&auto=webp', 'https://static.independent.co.uk/2022/01/05/11/ptrip.png?quality=75&width=640&auto=webp']","Popcorn Time: The ‘Netflix of piracy’ is dead, developers announce",https://www.independent.co.uk/life-style/gadgets-and-tech/popcorn-time-netflix-piracy-download-movies-tv-b1987129.html
"['sony', 'game', 'headset']","['https://static.independent.co.uk/2021/08/05/18/PSVR.jpg?quality=75&width=982&height=726&auto=webp', 'https://static.independent.co.uk/2021/08/05/18/PSVR.jpg?quality=75&width=982&height=726&auto=webp', 'https://static.independent.co.uk/2021/08/05/18/PSVR.jpg?quality=75&width=640&auto=webp']",Sony announces PlayStation VR2 alongside its first game at CES,https://www.independent.co.uk/life-style/gadgets-and-tech/sony-playstation-vr-2-ces-game-horizon-b1987002.html
"['independent', 'users', 'appears']","['https://static.independent.co.uk/2022/01/05/10/iStock-1317801257.jpg?quality=75&width=982&height=726&auto=webp', 'https://static.independent.co.uk/2022/01/05/10/iStock-1317801257.jpg?quality=75&width=982&height=726&auto=webp', 'https://static.independent.co.uk/2022/01/05/10/iStock-1317801257.jpg?quality=75&width=640&auto=webp']",Mysterious object spotted in lake on Google Maps leads to Reddit speculation about secret military base,https://www.independent.co.uk/life-style/gadgets-and-tech/mysterious-lake-object-google-maps-reddit-military-base-b1987083.html
"['curiosity', 'you', '–']","['https://static.independent.co.uk/2022/01/05/13/Samsung%20Curiosity%20Unfolded%20Still%2005%20copy.jpg?quality=75&width=982&height=726&auto=webp', 'https://static.independent.co.uk/2022/01/05/13/Samsung%20Curiosity%20Unfolded%20Still%2005%20copy.jpg?quality=75&width=982&height=726&auto=webp', 'https://static.independent.co.uk/2022/01/05/13/Ian%20Leslie.jpg?quality=75&width=982&height=726&auto=webp', 'https://static.independent.co.uk/2022/01/05/13/Samsung%20Curiosity%20Unfolded%20Still%2007%20copy.jpg?quality=75&width=982&height=726&auto=webp', 'https://static.independent.co.uk/2022/01/05/13/Flex%20Mode.jpg?quality=75&width=982&height=726&auto=webp', 'https://static.independent.co.uk/2022/01/05/13/Samsung%20Curiosity%20Unfolded%20Still%2005%20copy.jpg?quality=75&width=640&auto=webp', 'https://static.independent.co.uk/2022/01/05/13/Ian%20Leslie.jpg?quality=75&width=640&auto=webp', 'https://static.independent.co.uk/2022/01/05/13/Samsung%20Curiosity%20Unfolded%20Still%2007%20copy.jpg?quality=75&width=640&auto=webp', 'https://static.independent.co.uk/2022/01/05/13/Flex%20Mode.jpg?quality=75&width=640&auto=webp']",How to rediscover your sense of curiosity and reap the benefits,https://www.independent.co.uk/life-style/gadgets-and-tech/how-to-rediscover-your-sense-of-curiosity-and-reap-the-benefits-b1987238.html
"['charges', 'roaming', 'data']","['https://static.independent.co.uk/2021/06/24/12/mobile-phone-roaming.jpg?quality=75&width=982&height=726&auto=webp', 'https://static.independent.co.uk/2021/06/24/12/mobile-phone-roaming.jpg?quality=75&width=982&height=726&auto=webp', 'https://static.independent.co.uk/2021/06/24/12/mobile-phone-roaming.jpg?quality=75&width=640&auto=webp']",Plan to introduce roaming charges on Vodafone and EE delayed by technical problems,https://www.independent.co.uk/life-style/gadgets-and-tech/roaming-charges-europe-brexit-ee-vodafone-b1988174.html
"['bmw', 'car', 'could']","['https://static.independent.co.uk/2022/01/06/11/BMW.jpg?quality=75&width=982&height=726&auto=webp', 'https://static.independent.co.uk/2022/01/06/11/BMW.jpg?quality=75&width=982&height=726&auto=webp', 'https://static.independent.co.uk/2022/01/06/11/BMW.jpg?quality=75&width=640&auto=webp']",BMW reveals car that changes colour by being wrapped in Kindle-style display,https://www.independent.co.uk/life-style/gadgets-and-tech/bmw-car-colour-change-kindle-b1987892.html
"['users', 'also', 'chronological']","['https://static.independent.co.uk/2022/01/06/09/instagram.jpg?quality=75&width=982&height=726&auto=webp', 'https://static.independent.co.uk/2022/01/06/09/instagram.jpg?quality=75&width=982&height=726&auto=webp', 'https://static.independent.co.uk/2022/01/06/09/instagram.jpg?quality=75&width=640&auto=webp']",Instagram has brought back the chronological feed,https://www.independent.co.uk/life-style/gadgets-and-tech/instagram-feed-order-chronological-algorithm-b1987789.html
"['cent', 'per', 'last']","['https://static.independent.co.uk/2022/02/28/13/bitcoin%20price%20live%20russia.jpg?quality=75&width=982&height=726&auto=webp', 'https://static.independent.co.uk/2022/02/28/13/bitcoin%20price%20live%20russia.jpg?quality=75&width=982&height=726&auto=webp', 'https://static.independent.co.uk/2022/03/09/15/GettyImages-1368653299.jpg?quality=75&width=1200&auto=webp&quality=75&width=982&height=726&auto=webp', 'https://static.independent.co.uk/2022/03/07/15/bitcoin%20switzerland.jpg?quality=75&width=1200&auto=webp&quality=75&width=982&height=726&auto=webp', 'https://static.independent.co.uk/2022/02/28/13/bitcoin%20price%20live%20russia.jpg?quality=75&width=640&auto=webp']",Bitcoin news – live: BTC price slides amid global market turmoil,https://www.independent.co.uk/life-style/gadgets-and-tech/bitcoin-price-news-live-trump-btc-b1988696.html
"['friends', 'independent', 'also']","['https://static.independent.co.uk/2021/08/17/10/tinder.jpg?quality=75&width=982&height=726&auto=webp', 'https://static.independent.co.uk/2021/08/17/10/tinder.jpg?quality=75&width=982&height=726&auto=webp', 'https://static.independent.co.uk/2021/08/17/10/tinder.jpg?quality=75&width=640&auto=webp']",Tinder working on new feature to let friends pick your swipes,https://www.independent.co.uk/life-style/gadgets-and-tech/tinder-update-new-feature-swipe-party-b1988905.html
"['iphone', 'camera', 'independent']","['https://static.independent.co.uk/2021/12/14/10/iphone.jpg?quality=75&width=982&height=726&auto=webp', 'https://static.independent.co.uk/2021/12/14/10/iphone.jpg?quality=75&width=982&height=726&auto=webp', 'https://static.independent.co.uk/2021/12/14/10/iphone.jpg?quality=75&width=640&auto=webp']","iPhone 14 could remove the notch and put Face ID under the screen, leaks claim",https://www.independent.co.uk/life-style/gadgets-and-tech/iphone-14-apple-rumour-latest-notch-display-b1988882.html
"['per', 'cent', 'bitcoin']",['https://static.independent.co.uk/2021/12/22/17/bitcoin%20price%20prediction%202022.jpg?quality=75&width=640&auto=webp'],Bitcoin price’s recent stability upset by dramatic cryptocurrency movements,https://www.independent.co.uk/life-style/gadgets-and-tech/bitcoin-price-btc-value-cryptocurrency-latest-b1988555.html
"['cent', 'per', 'last']","['https://static.independent.co.uk/2022/02/28/13/bitcoin%20price%20live%20russia.jpg?quality=75&width=982&height=726&auto=webp', 'https://static.independent.co.uk/2022/02/28/13/bitcoin%20price%20live%20russia.jpg?quality=75&width=982&height=726&auto=webp', 'https://static.independent.co.uk/2022/03/09/15/GettyImages-1368653299.jpg?quality=75&width=1200&auto=webp&quality=75&width=982&height=726&auto=webp', 'https://static.independent.co.uk/2022/03/07/15/bitcoin%20switzerland.jpg?quality=75&width=1200&auto=webp&quality=75&width=982&height=726&auto=webp', 'https://static.independent.co.uk/2022/02/28/13/bitcoin%20price%20live%20russia.jpg?quality=75&width=640&auto=webp']",Bitcoin news – live: BTC price slides amid global market turmoil,https://www.independent.co.uk/life-style/gadgets-and-tech/bitcoin-price-news-live-coinbase-crypto-b1989986.html
"['virtual', 'apple', 'reality']","['https://static.independent.co.uk/2022/01/04/00/GettyImages-1354309124.jpg?quality=75&width=982&height=726&auto=webp', 'https://static.independent.co.uk/2022/01/04/00/GettyImages-1354309124.jpg?quality=75&width=982&height=726&auto=webp', 'https://static.independent.co.uk/2022/01/04/00/GettyImages-1354309124.jpg?quality=75&width=640&auto=webp']","Apple will not get involved with the ‘metaverse’ despite its VR headset plans, report claims",https://www.independent.co.uk/life-style/gadgets-and-tech/apple-metaverse-headset-iphone-virtual-reality-vr-ar-b1990237.html
"['launch', 'spacex', 'starship']","['https://static.independent.co.uk/2022/01/10/14/spacex%20starship%20launch%202022.jpg?quality=75&width=982&height=726&auto=webp', 'https://static.independent.co.uk/2022/01/10/14/spacex%20starship%20launch%202022.jpg?quality=75&width=982&height=726&auto=webp', 'https://static.independent.co.uk/2022/01/10/14/spacex%20starship%20launch%202022.jpg?quality=75&width=640&auto=webp']","Elon Musk unveils Starship launch tower, complete with arms to catch rocket",https://www.independent.co.uk/life-style/gadgets-and-tech/spacex-starship-launch-date-2022-elon-musk-b1990033.html
"['price', 'bitcoin', 'cryptocurrency']",['https://static.independent.co.uk/2022/01/10/10/bitcoin%20price%202022%20latest.jpg?quality=75&width=640&auto=webp'],Bitcoin hits longest losing streak since 2018 as key sell-off level approaches,https://www.independent.co.uk/life-style/gadgets-and-tech/bitcoin-price-latest-crypto-direction-2022-b1989844.html
"['customers', 'roaming', 'charges']","['https://static.independent.co.uk/2022/01/09/15/91249fea77f224a09c245081899893bfY29udGVudHNlYXJjaGFwaSwxNjQxODI2ODg0-2.40098376.jpg?quality=75&width=982&height=726&auto=webp', 'https://static.independent.co.uk/2022/01/09/15/91249fea77f224a09c245081899893bfY29udGVudHNlYXJjaGFwaSwxNjQxODI2ODg0-2.40098376.jpg?quality=75&width=982&height=726&auto=webp', 'https://static.independent.co.uk/2022/01/09/15/9eb197e2f54329fc8be343383c4c593bY29udGVudHNlYXJjaGFwaSwxNjQxODI2OTk2-2.42764641.jpg?quality=75&width=982&height=726&auto=webp', 'https://static.independent.co.uk/2022/01/09/15/91249fea77f224a09c245081899893bfY29udGVudHNlYXJjaGFwaSwxNjQxODI2ODg0-2.40098376.jpg?quality=75&width=640&auto=webp', 'https://static.independent.co.uk/2022/01/09/15/9eb197e2f54329fc8be343383c4c593bY29udGVudHNlYXJjaGFwaSwxNjQxODI2OTk2-2.42764641.jpg?quality=75&width=640&auto=webp']",O2 customers will not face roaming charges in Europe this year,https://www.independent.co.uk/life-style/gadgets-and-tech/o2-roaming-charges-europe-virgin-media-ee-vodafone-b1989813.html
"['apple', 'android', 'also']","['https://static.independent.co.uk/2022/01/04/00/GettyImages-1354309124.jpg?quality=75&width=982&height=726&auto=webp', 'https://static.independent.co.uk/2022/01/04/00/GettyImages-1354309124.jpg?quality=75&width=982&height=726&auto=webp', 'https://static.independent.co.uk/2022/01/04/00/GettyImages-1354309124.jpg?quality=75&width=640&auto=webp']",Google starts public fight with Apple over ‘blue bubbles’ on iMessage,https://www.independent.co.uk/life-style/gadgets-and-tech/apple-iphone-imessage-google-bubble-blue-green-rcs-b1990752.html
"['bitcoin', 'price', 'since']","['https://static.independent.co.uk/2022/01/11/10/bitcoin%20price%20death%20cross%202022.jpg?quality=75&width=982&height=726&auto=webp', 'https://static.independent.co.uk/2022/01/11/10/bitcoin%20price%20death%20cross%202022.jpg?quality=75&width=982&height=726&auto=webp', 'https://static.independent.co.uk/2022/01/11/12/bitcoin%20death%20cross%202022.jpg?quality=75&width=982&height=726&auto=webp', 'https://static.independent.co.uk/2022/01/11/10/bitcoin%20price%20death%20cross%202022.jpg?quality=75&width=640&auto=webp', 'https://static.independent.co.uk/2022/01/11/12/bitcoin%20death%20cross%202022.jpg?quality=75&width=640&auto=webp']",Bitcoin slides towards dreaded ‘Death Cross’,https://www.independent.co.uk/life-style/gadgets-and-tech/bitcoin-death-cross-price-cryptocurrency-b1990629.html
"['independent', 's22', 'galaxy']","['https://static.independent.co.uk/2022/01/11/11/iStock-1299655452.jpg?quality=75&width=982&height=726&auto=webp', 'https://static.independent.co.uk/2022/01/11/11/iStock-1299655452.jpg?quality=75&width=982&height=726&auto=webp', 'https://static.independent.co.uk/2022/01/11/11/iStock-1299655452.jpg?quality=75&width=640&auto=webp']",Samsung’s S22 launch date reportedly leaked ahead of ‘Galaxy Unpacked’ event,https://www.independent.co.uk/life-style/gadgets-and-tech/samsung-galaxy-s22-unpacked-launch-date-leak-b1990675.html
"['inwith', 'contact', 'technology']","['https://static.independent.co.uk/2022/01/10/16/smart%20contact%20lens%20inwith.jpg?quality=75&width=982&height=726&auto=webp', 'https://static.independent.co.uk/2022/01/10/16/smart%20contact%20lens%20inwith.jpg?quality=75&width=982&height=726&auto=webp', 'https://static.independent.co.uk/2022/01/10/16/smart%20contact%20lens%20inwith.jpg?quality=75&width=640&auto=webp']",Smart contact lens promises ‘tunable vision’ and real-time info directly to your eyeballs,https://www.independent.co.uk/life-style/gadgets-and-tech/smart-contact-lens-inwith-ces-2022-b1990168.html
"['bitcoin', 'independent', 'price']","['https://static.independent.co.uk/2022/01/04/09/bitcoin%20price%20news%20live%202022.jpg?quality=75&width=982&height=726&auto=webp', 'https://static.independent.co.uk/2022/01/04/09/bitcoin%20price%20news%20live%202022.jpg?quality=75&width=982&height=726&auto=webp', 'https://static.independent.co.uk/2022/01/04/09/bitcoin%20price%20news%20live%202022.jpg?quality=75&width=640&auto=webp']",Bank CEO predicts bitcoin price will hit new record high in 2022,https://www.independent.co.uk/life-style/gadgets-and-tech/bitcoin-price-2022-analysis-bank-switzerland-b1991900.html
"['operators', 'users', 'apple']","['https://static.independent.co.uk/2022/01/12/15/iStock-1283717789.jpg?quality=75&width=982&height=726&auto=webp', 'https://static.independent.co.uk/2022/01/12/15/iStock-1283717789.jpg?quality=75&width=982&height=726&auto=webp', 'https://static.independent.co.uk/2022/01/12/15/iStock-1283717789.jpg?quality=75&width=640&auto=webp']",Apple’s iPhone privacy feature could be banned after phone companies complain it stops them tracking people,https://www.independent.co.uk/life-style/gadgets-and-tech/apple-iphone-privacy-phone-company-tracking-relay-b1991663.html
"['ethereummax', 'her', 'kardashian']","['https://static.independent.co.uk/2022/01/12/10/kim%20kardashian%20crypto%20scam%20ethereum.jpg?quality=75&width=982&height=726&auto=webp', 'https://static.independent.co.uk/2022/01/12/10/kim%20kardashian%20crypto%20scam%20ethereum.jpg?quality=75&width=982&height=726&auto=webp', 'https://static.independent.co.uk/2022/01/12/12/kardashian%20ethereummax%20mayweather.jpg?quality=75&width=982&height=726&auto=webp', 'https://static.independent.co.uk/2022/01/12/10/ethereum%20max%20crypto%20scam%20mayweather.jpg?quality=75&width=982&height=726&auto=webp', 'https://static.independent.co.uk/2022/01/12/10/kim%20kardashian%20crypto%20scam%20ethereum.jpg?quality=75&width=640&auto=webp', 'https://static.independent.co.uk/2022/01/12/12/kardashian%20ethereummax%20mayweather.jpg?quality=75&width=640&auto=webp', 'https://static.independent.co.uk/2022/01/12/10/ethereum%20max%20crypto%20scam%20mayweather.jpg?quality=75&width=640&auto=webp']",Kim Kardashian sued over crypto that crashed 98% after she promoted it,https://www.independent.co.uk/life-style/gadgets-and-tech/kim-kardashian-crypto-ethereummax-mayweather-b1991416.html
"['moon', 'could', 'independent']","['https://static.independent.co.uk/2022/01/12/12/Untitled.jpg?quality=75&width=982&height=726&auto=webp', 'https://static.independent.co.uk/2022/01/12/12/Untitled.jpg?quality=75&width=982&height=726&auto=webp', 'https://static.independent.co.uk/2022/01/12/12/Untitled.jpg?quality=75&width=640&auto=webp']",China builds ‘artificial moon’ to simulate low gravity inspired by a levitating frog,https://www.independent.co.uk/life-style/gadgets-and-tech/china-artificial-moon-low-gravity-levitating-frog-b1991495.html
"['lithium-sulfur', 'batteries', 'batteries,']",['https://static.independent.co.uk/2022/01/13/12/electric%20car%20battery%20charge.jpg?quality=75&width=640&auto=webp'],Battery breakthrough quintuples electric vehicle range,https://www.independent.co.uk/life-style/gadgets-and-tech/batteries-lithium-ion-sulfur-electric-cars-b1992348.html
"['private', 'relay', 'apple']","['https://static.independent.co.uk/2022/01/13/16/iStock-1202884010.jpg?quality=75&width=982&height=726&auto=webp', 'https://static.independent.co.uk/2022/01/13/16/iStock-1202884010.jpg?quality=75&width=982&height=726&auto=webp', 'https://static.independent.co.uk/2022/01/13/16/iStock-1202884010.jpg?quality=75&width=640&auto=webp']",Apple says iPhone privacy feature remains active amid battle with phone networks,https://www.independent.co.uk/life-style/gadgets-and-tech/apple-iphone-privacy-feature-network-phone-b1992550.html
"['dance', 'shark', 'video']","['https://static.independent.co.uk/2020/11/02/10/2063.png?quality=75&width=982&height=726&auto=webp', 'https://static.independent.co.uk/2020/11/02/10/2063.png?quality=75&width=982&height=726&auto=webp', 'https://static.independent.co.uk/2020/11/02/10/2063.png?quality=75&width=640&auto=webp']",Baby Shark breaks through YouTube’s biggest milestone to amass 10 billion views,https://www.independent.co.uk/life-style/gadgets-and-tech/baby-shark-youtube-video-ten-billion-views-b1992503.html
"['http3', 'firefox', 'independent']","['https://static.independent.co.uk/2022/01/13/10/iStock-1045357252.jpg?quality=75&width=982&height=726&auto=webp', 'https://static.independent.co.uk/2022/01/13/10/iStock-1045357252.jpg?quality=75&width=982&height=726&auto=webp', 'https://static.independent.co.uk/2022/01/13/10/iStock-1045357252.jpg?quality=75&width=640&auto=webp']",Firefox not working: Browser down due to ‘infinite loop’ technical issue – but it can be fixed,https://www.independent.co.uk/life-style/gadgets-and-tech/firefox-not-working-broken-download-b1992236.html
"['game', 'wordle', 'app']","['https://static.independent.co.uk/2021/12/14/11/452f50cd2aa64cf901236b0e153657f2Y29udGVudHNlYXJjaGFwaSwxNjM5NTY2NTQ3-2.15103748.jpg?quality=75&width=982&height=726&auto=webp', 'https://static.independent.co.uk/2021/12/14/11/452f50cd2aa64cf901236b0e153657f2Y29udGVudHNlYXJjaGFwaSwxNjM5NTY2NTQ3-2.15103748.jpg?quality=75&width=982&height=726&auto=webp', 'https://static.independent.co.uk/2022/01/04/11/newFile-1.jpg?quality=75&width=982&height=726&auto=webp', 'https://static.independent.co.uk/2021/12/14/11/452f50cd2aa64cf901236b0e153657f2Y29udGVudHNlYXJjaGFwaSwxNjM5NTY2NTQ3-2.15103748.jpg?quality=75&width=640&auto=webp', 'https://static.independent.co.uk/2022/01/04/11/newFile-1.jpg?quality=75&width=640&auto=webp']",Wordle clones removed from iPhone App Store as ‘gross’ ripoffs attempt to profit from viral success,https://www.independent.co.uk/life-style/gadgets-and-tech/apple-wordle-app-store-clones-android-b1992190.html
"['google', 'independent', 'new']","['https://static.independent.co.uk/2022/01/13/09/iStock-1193632218.jpg?quality=75&width=982&height=726&auto=webp', 'https://static.independent.co.uk/2022/01/13/09/iStock-1193632218.jpg?quality=75&width=982&height=726&auto=webp', 'https://static.independent.co.uk/2022/01/13/09/iStock-1193632218.jpg?quality=75&width=640&auto=webp']",Google will finally make smart watches better for left-handed people - but only if you buy a new one,https://www.independent.co.uk/life-style/gadgets-and-tech/google-smart-watches-wear-os-left-handed-b1992204.html
"['researchers', 'people', 'video']",['https://static.independent.co.uk/2021/12/01/22/newFile-1.jpg?quality=75&width=640&auto=webp'],Tom Cruise test shows people can’t detect fake videos even when they know they are fake,https://www.independent.co.uk/life-style/gadgets-and-tech/tom-cruise-deepfakes-videos-test-b1993401.html
"['musk', 'mr', 'cars']","['https://static.independent.co.uk/2022/01/06/00/682eab1bccefeefad1c07af3063d2f3bY29udGVudHNlYXJjaGFwaSwxNjQxNDc2MDY5-2.36381921.jpg?quality=75&width=982&height=726&auto=webp', 'https://static.independent.co.uk/2022/01/06/00/682eab1bccefeefad1c07af3063d2f3bY29udGVudHNlYXJjaGFwaSwxNjQxNDc2MDY5-2.36381921.jpg?quality=75&width=982&height=726&auto=webp', 'https://static.independent.co.uk/2022/01/06/00/682eab1bccefeefad1c07af3063d2f3bY29udGVudHNlYXJjaGFwaSwxNjQxNDc2MDY5-2.36381921.jpg?quality=75&width=640&auto=webp']",Tesla starts selling things for Dogecoin,https://www.independent.co.uk/life-style/gadgets-and-tech/tesla-dogecoin-crypto-dogecoin-merch-b1993196.html
"['data', 'would', 'read']","['https://static.independent.co.uk/2022/01/14/11/iStock-1169675135-1.jpg?quality=75&width=982&height=726&auto=webp', 'https://static.independent.co.uk/2022/01/14/11/iStock-1169675135-1.jpg?quality=75&width=982&height=726&auto=webp', 'https://static.independent.co.uk/2022/01/14/11/iStock-1169675135-1.jpg?quality=75&width=640&auto=webp']",US ‘TLDR’ law would force websites to make their terms and conditions easier to read,https://www.independent.co.uk/life-style/gadgets-and-tech/tldr-us-bill-websites-terms-conditions-b1993169.html
"['also', 'independent', 'lewis']","['https://static.independent.co.uk/2022/01/07/09/newFile-4.jpg?quality=75&width=982&height=726&auto=webp', 'https://static.independent.co.uk/2022/01/07/09/newFile-4.jpg?quality=75&width=982&height=726&auto=webp', 'https://static.independent.co.uk/2022/01/07/09/newFile-4.jpg?quality=75&width=640&auto=webp']",Money expert Martin Lewis shares simple tip to cut mobile phone bill,https://www.independent.co.uk/life-style/gadgets-and-tech/martin-lewis-tip-cut-mobile-phone-bill-b1993074.html
,,,
/news/science,,,
descriptors,image links,article name,article link
"['liquibots', 'drug', 'independent']","['https://static.independent.co.uk/2022/01/04/07/Screenshot%202022-01-04%20at%2012.36.47%20PM.png?quality=75&width=982&height=726&auto=webp', 'https://static.independent.co.uk/2022/01/04/07/Screenshot%202022-01-04%20at%2012.36.47%20PM.png?quality=75&width=982&height=726&auto=webp', 'https://static.independent.co.uk/2022/01/04/07/Screenshot%202022-01-04%20at%2012.36.47%20PM.png?quality=75&width=640&auto=webp']",Scientists build first self-powered ‘liquibots’ that run continuously without electricity,https://www.independent.co.uk/news/science/liquibots-liquid-robots-self-powered-electricity-b1986230.html
"['page', 'address', 'can']",[],Page not found...,https://www.independent.co.uk/news/science/ihu-variant-france-covid-cases-b1986956.html
"['orion', 'moon', 'january:']","['https://static.independent.co.uk/2022/01/04/15/newFile-4.jpg?quality=75&width=982&height=726&auto=webp', 'https://static.independent.co.uk/2022/01/04/15/newFile-4.jpg?quality=75&width=982&height=726&auto=webp', 'https://static.independent.co.uk/2022/01/04/15/Independent%20starchart%20January%202022.jpg?quality=75&width=982&height=726&auto=webp', 'https://static.independent.co.uk/2022/01/04/15/newFile-4.jpg?quality=75&width=640&auto=webp', 'https://static.independent.co.uk/2022/01/04/15/Independent%20starchart%20January%202022.jpg?quality=75&width=640&auto=webp']",Stargazing in January: Orion strides across the night sky,https://www.independent.co.uk/news/science/stargazing-january-orion-stars-constellations-b1986573.html
"['–', 'years', 'modern']","['https://static.independent.co.uk/2022/01/04/16/newFile.jpg?quality=75&width=982&height=726&auto=webp', 'https://static.independent.co.uk/2022/01/04/16/newFile.jpg?quality=75&width=982&height=726&auto=webp', 'https://static.independent.co.uk/2022/01/04/16/file-20211217-19-192hjdw.jpeg?quality=75&width=982&height=726&auto=webp', 'https://static.independent.co.uk/2022/01/04/16/file-20211217-18663-ide5a0.jpeg?quality=75&width=982&height=726&auto=webp', 'https://static.independent.co.uk/2022/01/04/16/file-20211223-19-1rzho5.jpeg?quality=75&width=982&height=726&auto=webp', 'https://static.independent.co.uk/2022/01/04/16/newFile.jpg?quality=75&width=640&auto=webp', 'https://static.independent.co.uk/2022/01/04/16/file-20211217-19-192hjdw.jpeg?quality=75&width=640&auto=webp', 'https://static.independent.co.uk/2022/01/04/16/file-20211217-18663-ide5a0.jpeg?quality=75&width=640&auto=webp', 'https://static.independent.co.uk/2022/01/04/16/file-20211223-19-1rzho5.jpeg?quality=75&width=640&auto=webp']",Geniuses of the Stone Age: How early inventors launched our technological revolution,https://www.independent.co.uk/news/science/archaeology/stone-age-technological-revolution-invention-b1986605.html
"['hedgehogs', 'mrsa', 'antibiotic']","['https://static.independent.co.uk/2022/01/05/12/GettyImages-614936152.jpg?quality=75&width=982&height=726&auto=webp', 'https://static.independent.co.uk/2022/01/05/12/GettyImages-614936152.jpg?quality=75&width=982&height=726&auto=webp', 'https://static.independent.co.uk/2022/01/05/12/GettyImages-614936152.jpg?quality=75&width=640&auto=webp']","MRSA superbug first arose in hedgehogs before discovery of antibiotics, study suggests",https://www.independent.co.uk/news/science/mrsa-hedgehogs-antibiotics-study-b1987185.html
"['omicron', 'pcr', 'people']","['https://static.independent.co.uk/2022/01/06/12/newFile-10.jpg?quality=75&width=982&height=726&auto=webp', 'https://static.independent.co.uk/2022/01/06/12/newFile-10.jpg?quality=75&width=982&height=726&auto=webp', 'https://static.independent.co.uk/2022/01/06/12/newFile-10.jpg?quality=75&width=640&auto=webp']","Nasal swab tests slower to pick up Omicron infections, study suggests",https://www.independent.co.uk/news/science/covid-lateral-flow-omicron-pcr-latest-b1987954.html
"['dementia', 'also', 'cases']","['https://static.independent.co.uk/2022/01/05/15/GettyImages-164124283.jpg?quality=75&width=982&height=726&auto=webp', 'https://static.independent.co.uk/2022/01/05/15/GettyImages-164124283.jpg?quality=75&width=982&height=726&auto=webp', 'https://static.independent.co.uk/2022/01/05/15/GettyImages-164124283.jpg?quality=75&width=640&auto=webp']","Worldwide dementia cases set to triple by 2050, study says",https://www.independent.co.uk/news/science/dementia-world-cases-lancet-study-latest-b1987338.html
"['mirror', 'nasa', 'space']","['https://static.independent.co.uk/2022/01/08/21/PRI217690036.jpg?quality=75&width=982&height=726&auto=webp', 'https://static.independent.co.uk/2022/01/08/21/PRI217690036.jpg?quality=75&width=982&height=726&auto=webp', 'https://static.independent.co.uk/2022/01/08/21/PRI217690036.jpg?quality=75&width=640&auto=webp']",James Webb space telescope clears last major hurdle to complete deployment,https://www.independent.co.uk/news/science/james-webb-space-telescope-golden-eye-b1989299.html
"['site', 'fossils', 'found']","['https://static.independent.co.uk/2022/01/08/10/utf-8BTG93LVJlc19BbmNpZW50IFNwaWRlciDCqSBNaWNoYWVsIEZyZXNlLmpwZy5wbmc.png?quality=75&width=982&height=726&auto=webp', 'https://static.independent.co.uk/2022/01/08/10/utf-8BTG93LVJlc19BbmNpZW50IFNwaWRlciDCqSBNaWNoYWVsIEZyZXNlLmpwZy5wbmc.png?quality=75&width=982&height=726&auto=webp', 'https://static.independent.co.uk/2022/01/08/10/utf-8BTG93LVJlc19BbmNpZW50IFNwaWRlciDCqSBNaWNoYWVsIEZyZXNlLmpwZy5wbmc.png?quality=75&width=640&auto=webp']",New fossil site in dry Australian outback reveals region was once home to ‘abundant’ rainforest,https://www.independent.co.uk/news/science/australia-new-south-wales-rainforest-b1989180.html
"['goldfish', 'scientists', 'could']","['https://static.independent.co.uk/2022/01/09/11/Screenshot%202022-01-09%20at%204.34.47%20PM.png?quality=75&width=982&height=726&auto=webp', 'https://static.independent.co.uk/2022/01/09/11/Screenshot%202022-01-09%20at%204.34.47%20PM.png?quality=75&width=982&height=726&auto=webp', 'https://static.independent.co.uk/2022/01/09/11/Screenshot%202022-01-09%20at%204.34.47%20PM.png?quality=75&width=640&auto=webp']",Scientists teach goldfish to drive robotic car and show they can successfully navigate on land,https://www.independent.co.uk/news/science/goldfish-robotic-car-animal-behaviour-b1989468.html
"['dr', 'delta', 'result']",['https://static.independent.co.uk/2022/01/06/19/966bb50527c580e96964a429ab149ac5Y29udGVudHNlYXJjaGFwaSwxNjQxNTc4ODE4-2.6551040.jpg?quality=75&width=640&auto=webp'],‘Deltacron’: New Covid variant or laboratory error?,https://www.independent.co.uk/news/science/deltacron-new-covid-variant-cyprus-b1989817.html
"['lateral', 'flow', 'tests']","['https://static.independent.co.uk/2022/01/10/16/newFile-2.jpg?quality=75&width=982&height=726&auto=webp', 'https://static.independent.co.uk/2022/01/10/16/newFile-2.jpg?quality=75&width=982&height=726&auto=webp', 'https://static.independent.co.uk/2022/01/10/16/newFile-2.jpg?quality=75&width=640&auto=webp']",UK makes ‘final’ order for 780 million lateral flow devices as officials prepare for end of mass testing strategy,https://www.independent.co.uk/news/science/covid-lateral-flow-tests-supply-omicron-b1990166.html
"['study', 'dolphins', 'female']","['https://static.independent.co.uk/2022/01/10/19/newFile-2.jpg?quality=75&width=982&height=726&auto=webp', 'https://static.independent.co.uk/2022/01/10/19/newFile-2.jpg?quality=75&width=982&height=726&auto=webp', 'https://static.independent.co.uk/2022/01/10/19/newFile-2.jpg?quality=75&width=640&auto=webp']","Dolphin females have working clitoris, anatomical evidence suggests",https://www.independent.co.uk/news/science/dophin-females-working-clitoris-study-b1990294.html
"['delta', 'said', 'omicron']",['https://static.independent.co.uk/2022/01/10/12/newFile-5.jpg?quality=75&width=640&auto=webp'],"‘Deltacron’: Lab contamination likely responsible for Delta and Omicron hybrid, scientists say",https://www.independent.co.uk/news/science/deltacron-variant-cases-cyprus-covid-b1989961.html
"['dr', 'delta', 'result']",['https://static.independent.co.uk/2022/01/06/19/966bb50527c580e96964a429ab149ac5Y29udGVudHNlYXJjaGFwaSwxNjQxNTc4ODE4-2.6551040.jpg?quality=75&width=640&auto=webp'],‘Deltacron’: New Covid variant or laboratory error?,https://www.independent.co.uk/news/science/deltacron-covid-variant-omicron-b1990816.html
"['we', 'asteroids', 'earth']","['https://static.independent.co.uk/2022/01/11/15/iStock-645796108.jpg?quality=75&width=982&height=726&auto=webp', 'https://static.independent.co.uk/2022/01/11/15/iStock-645796108.jpg?quality=75&width=982&height=726&auto=webp', 'https://static.independent.co.uk/2022/01/04/11/16408892795960.jpeg?quality=75&width=982&height=726&auto=webp', 'https://static.independent.co.uk/2022/01/11/15/iStock-645796108.jpg?quality=75&width=640&auto=webp', 'https://static.independent.co.uk/2022/01/04/11/16408892795960.jpeg?quality=75&width=640&auto=webp']",How do we really deal with asteroids heading for Earth?,https://www.independent.co.uk/news/science/asteroids-earth-realistic-dont-look-up-b1990812.html
"['figure', 'hs2', 'roman']","['https://static.independent.co.uk/2022/01/12/23/newFile-1.jpg?quality=75&width=982&height=726&auto=webp', 'https://static.independent.co.uk/2022/01/12/23/newFile-1.jpg?quality=75&width=982&height=726&auto=webp', 'https://static.independent.co.uk/2022/01/12/23/PRI218241347.jpg?quality=75&width=982&height=726&auto=webp', 'https://static.independent.co.uk/2022/01/12/23/newFile-1.jpg?quality=75&width=640&auto=webp', 'https://static.independent.co.uk/2022/01/12/23/PRI218241347.jpg?quality=75&width=640&auto=webp']",‘Remarkable’ Roman wooden figurine discovered in ditch during HS2 digging,https://www.independent.co.uk/news/science/archaeology/roman-figurine-hs2-ditch-buckinghamshire-b1991942.html
"['area', 'breeding', 'nests']","['https://static.independent.co.uk/2022/01/13/19/fish%20biggest%202.jpg?quality=75&width=982&height=726&auto=webp', 'https://static.independent.co.uk/2022/01/13/18/fish%20biggest%20hero.jpg?quality=75&width=640&auto=webp', 'https://static.independent.co.uk/2022/01/13/19/fish%20biggest%202.jpg?quality=75&width=640&auto=webp']",World’s largest fish breeding ground discovered in Antarctica with 60 million nests,https://www.independent.co.uk/news/science/fish-breeding-antarctica-icefish-nests-b1992699.html
"['dr', 'delta', 'result']",['https://static.independent.co.uk/2022/01/06/19/966bb50527c580e96964a429ab149ac5Y29udGVudHNlYXJjaGFwaSwxNjQxNTc4ODE4-2.6551040.jpg?quality=75&width=640&auto=webp'],‘Deltacron’: New Covid variant or laboratory error?,https://www.independent.co.uk/news/science/covid-variant-deltacron-omicron-lab-b1992182.html
"['dr', 'delta', 'result']",['https://static.independent.co.uk/2022/01/06/19/966bb50527c580e96964a429ab149ac5Y29udGVudHNlYXJjaGFwaSwxNjQxNTc4ODE4-2.6551040.jpg?quality=75&width=640&auto=webp'],‘Deltacron’: New Covid variant or laboratory error?,https://www.independent.co.uk/news/science/covid-omicron-deltacron-variant-lab-b1992996.html
,,,
/tech/,,,
descriptors,image links,article name,article link
"['tiktok', 'videos', 'users']","['https://static.independent.co.uk/2021/12/17/13/urnpublicidap.orgfebe17bf91914ee981b4a74db2baa63c.jpg?quality=75&width=982&height=726&auto=webp', 'https://static.independent.co.uk/2021/12/17/13/urnpublicidap.orgfebe17bf91914ee981b4a74db2baa63c.jpg?quality=75&width=982&height=726&auto=webp', 'https://static.independent.co.uk/2021/12/17/13/urnpublicidap.orgfebe17bf91914ee981b4a74db2baa63c.jpg?quality=75&width=640&auto=webp']",TikTok is testing Twitter-like ‘Repost’ button to share videos among friends,https://www.independent.co.uk/tech/tiktok-repost-button-share-video-b1987181.html
"['body', 'data', 'display']","['https://static.independent.co.uk/2022/01/04/19/04183530-a6380fd9-25ee-4dc2-9fc5-da73a7a92323.png?quality=75&width=982&height=726&auto=webp', 'https://static.independent.co.uk/2022/01/04/19/04183530-a6380fd9-25ee-4dc2-9fc5-da73a7a92323.png?quality=75&width=982&height=726&auto=webp', 'https://static.independent.co.uk/2022/01/04/19/04183147-9555fd0b-c838-46c5-8549-ac736863921c.png?quality=75&width=982&height=726&auto=webp', 'https://static.independent.co.uk/2022/01/04/19/04183530-a6380fd9-25ee-4dc2-9fc5-da73a7a92323.png?quality=75&width=640&auto=webp', 'https://static.independent.co.uk/2022/01/04/19/04183147-9555fd0b-c838-46c5-8549-ac736863921c.png?quality=75&width=640&auto=webp']",CES 2022: smartglasses and smart body scanner among first gadgets announced,https://www.independent.co.uk/tech/withings-las-vegas-ces-tcl-sony-b1987015.html
"['tunnel', 'loop', 'boring']",['https://static.independent.co.uk/2022/01/07/19/newFile-1.jpg?quality=75&width=640&auto=webp'],Elon Musk’s ‘Vegas Loop’ called a ‘death trap’ as traffic piles up,https://www.independent.co.uk/tech/elon-musk-vegas-loop-traffic-b1988974.html
"['car', 'bmw', 'firm']","['https://static.independent.co.uk/2022/01/06/16/06150729-f829ae57-fe1e-43e1-b42e-815002ceff30.jpg?quality=75&width=982&height=726&auto=webp', 'https://static.independent.co.uk/2022/01/06/16/06150729-f829ae57-fe1e-43e1-b42e-815002ceff30.jpg?quality=75&width=982&height=726&auto=webp', 'https://static.independent.co.uk/2022/01/06/16/06151608-83f3ed06-17a5-4a00-a9e8-27b65d911e2f.jpg?quality=75&width=982&height=726&auto=webp', 'https://static.independent.co.uk/2022/01/06/16/06150729-f829ae57-fe1e-43e1-b42e-815002ceff30.jpg?quality=75&width=640&auto=webp', 'https://static.independent.co.uk/2022/01/06/16/06151608-83f3ed06-17a5-4a00-a9e8-27b65d911e2f.jpg?quality=75&width=640&auto=webp']",Vehicle tech takes centre stage at CES,https://www.independent.co.uk/tech/bmw-ces-las-vegas-sony-b1988864.html
"['mr', 'independent', 'open-source']","['https://static.independent.co.uk/s3fs-public/thumbnails/image/2020/06/16/12/github.png?quality=75&width=982&height=726&auto=webp', 'https://static.independent.co.uk/s3fs-public/thumbnails/image/2020/06/16/12/github.png?quality=75&width=982&height=726&auto=webp', 'https://static.independent.co.uk/s3fs-public/thumbnails/image/2020/06/16/12/github.png?quality=75&width=640&auto=webp']",Developer sabotages own code to break thousands of apps in protest against world’s biggest companies,https://www.independent.co.uk/tech/developer-sabotages-code-protest-github-colors-faker-b1990161.html
"['water', 'independent', 'lander']","['https://static.independent.co.uk/2022/01/10/12/1280px-Chang-e-5-assembly-CG-1-Cropped.jpg?quality=75&width=982&height=726&auto=webp', 'https://static.independent.co.uk/2022/01/10/12/1280px-Chang-e-5-assembly-CG-1-Cropped.jpg?quality=75&width=982&height=726&auto=webp', 'https://static.independent.co.uk/2022/01/10/12/1280px-Chang-e-5-assembly-CG-1-Cropped.jpg?quality=75&width=640&auto=webp']",China probe finds first on-site evidence of water on the Moon,https://www.independent.co.uk/tech/china-probe-first-water-moon-b1989960.html
"['bitcoin', 'price', 'independent']","['https://static.independent.co.uk/2022/01/04/09/bitcoin%20price%20news%20live%202022.jpg?quality=75&width=982&height=726&auto=webp', 'https://static.independent.co.uk/2022/01/04/09/bitcoin%20price%20news%20live%202022.jpg?quality=75&width=982&height=726&auto=webp', 'https://static.independent.co.uk/2022/01/04/09/bitcoin%20price%20news%20live%202022.jpg?quality=75&width=640&auto=webp']",Bitcoin crashes and then rises again in latest cryptocurrency twist,https://www.independent.co.uk/tech/bitcoin-price-latest-crash-crypto-btc-b1990061.html
"['foldable', 'apple', 'independent']","['https://static.independent.co.uk/2021/10/15/19/Apple_China_Removed_Apps_68148.jpg?quality=75&width=982&height=726&auto=webp', 'https://static.independent.co.uk/2021/10/15/19/Apple_China_Removed_Apps_68148.jpg?quality=75&width=982&height=726&auto=webp', 'https://static.independent.co.uk/2021/10/15/19/Apple_China_Removed_Apps_68148.jpg?quality=75&width=640&auto=webp']","Apple is working on ‘multiple’ folding iPhone prototypes, leaker says – but they could stay secret forever",https://www.independent.co.uk/tech/apple-fold-iphone-prototypes-secret-b1989858.html
"['spotify', 'independent', 'premium']","['https://static.independent.co.uk/2021/04/27/11/spotify.jpg?quality=75&width=982&height=726&auto=webp', 'https://static.independent.co.uk/2021/04/27/11/spotify.jpg?quality=75&width=982&height=726&auto=webp', 'https://static.independent.co.uk/2021/04/27/11/spotify.jpg?quality=75&width=640&auto=webp']",Spotify says ‘HiFi’ music is coming – but not when or how much it will cost,https://www.independent.co.uk/tech/spotify-hifi-music-quality-lossless-b1990945.html
"['strange', 'metal', 'scientists']",['https://static.independent.co.uk/2020/08/19/11/breaking-news.png?quality=75&width=640&auto=webp'],Scientists find ‘strange metal’ that behaves in ways they don’t understand,https://www.independent.co.uk/tech/strange-metal-electrons-discovery-breakthrough-b1991658.html
"['app', 'game', 'independent']","['https://static.independent.co.uk/2022/01/12/10/PRI218167514.jpg?quality=75&width=982&height=726&auto=webp', 'https://static.independent.co.uk/2022/01/12/10/PRI218167514.jpg?quality=75&width=982&height=726&auto=webp', 'https://static.independent.co.uk/2022/01/12/10/PRI218167514.jpg?quality=75&width=640&auto=webp']",Wordle rip off aims to monetise viral app,https://www.independent.co.uk/tech/wordle-app-download-android-ios-b1991677.html
"['groups', 'germany', 'independent']","['https://static.independent.co.uk/2022/01/02/08/69cb5fe0920b1c336c1350d2f11c5343Y29udGVudHNlYXJjaGFwaSwxNjQwMzYxMDE3-2.31565176.jpg?quality=75&width=982&height=726&auto=webp', 'https://static.independent.co.uk/2022/01/02/08/69cb5fe0920b1c336c1350d2f11c5343Y29udGVudHNlYXJjaGFwaSwxNjQwMzYxMDE3-2.31565176.jpg?quality=75&width=982&height=726&auto=webp', 'https://static.independent.co.uk/2022/01/02/08/69cb5fe0920b1c336c1350d2f11c5343Y29udGVudHNlYXJjaGFwaSwxNjQwMzYxMDE3-2.31565176.jpg?quality=75&width=640&auto=webp']","Telegram could be shut down in Germany, government warns",https://www.independent.co.uk/tech/telegram-germany-shutdown-ban-far-right-b1991523.html
"['independent', 'our', 'issue']","['https://static.independent.co.uk/2020/08/19/11/breaking-news.png?quality=75&width=982&height=726&auto=webp', 'https://static.independent.co.uk/2020/08/19/11/breaking-news.png?quality=75&width=982&height=726&auto=webp', 'https://static.independent.co.uk/2020/08/19/11/breaking-news.png?quality=75&width=640&auto=webp']",TalkTalk email down: Outage hits users across UK,https://www.independent.co.uk/tech/talktalk-email-down-problems-today-b1991352.html
"['book', 'people', 'other']","['https://static.independent.co.uk/2020/11/24/14/books.jpg?quality=75&width=982&height=726&auto=webp', 'https://static.independent.co.uk/2020/11/24/14/books.jpg?quality=75&width=982&height=726&auto=webp', 'https://static.independent.co.uk/2020/11/24/14/books.jpg?quality=75&width=640&auto=webp']",Why ‘book exchange’ posts spreading on Facebook and Instagram might not be all they seem,https://www.independent.co.uk/tech/book-exchange-scam-facebook-instagram-b1992143.html
"['bitcoin', 'independent', 'since']","['https://static.independent.co.uk/2022/01/11/10/bitcoin%20price%20death%20cross%202022.jpg?quality=75&width=982&height=726&auto=webp', 'https://static.independent.co.uk/2022/01/11/10/bitcoin%20price%20death%20cross%202022.jpg?quality=75&width=982&height=726&auto=webp', 'https://static.independent.co.uk/2022/01/11/10/bitcoin%20price%20death%20cross%202022.jpg?quality=75&width=640&auto=webp']",Bitcoin price drops again in latest bad news for crypto market,https://www.independent.co.uk/tech/bitcoin-price-crypto-value-latest-btc-b1993170.html
